Workbook
Name ACTION: #REF!
Name ACTION: #REF!

Sheet Cover
B2: TEST REPORT DOCUMENT
A4: Project Name | B4: Hệ thống giám sát an toàn công trường | E4: Creator | F4: 102220275_Lưu Võ Hoàng
A5: Project Code | B5: PBL6 | E5: Issue Date | F5: 20/09/2025
A6: Document Code | B6: =B5&"_"&"XXX"&"_"&"vx.x" -> PBL6_XXX_vx.x | E6: Version | F6: 1
A9: Record of change
A10: Effective Date | B10: Version | C10: Change Item | D10: *A,D,M | E10: Change description | F10: Reference
A11: 45920 | B11: V1 | C11: - Table Project Information. - Table TestCase General. | D11: A | E11: Điền thông tin Project Name, Project Code, Test Environment Setup Description. Liệt kê 4 function sẽ viết TC (Tên function, Description, Pre-Condition) | F11: Test Cases
A12: 45921 | B12: V1 | C12: - Table Project Information. | D12: A | E12: Điền thông tin Project Name, Project Code, Document Code, Creator, .Reviewer/Approver, Issue Date . | F12: Test Statistics
A13: 45923 | B13: V1 | C13: - Table TestCase Detail. | D13: A | E13: Điền thông tin TC cho Function Đăng ký (Function, Test requirement). Liệt kê các TC của chức năng (Tên Function, Test Case Description, Test Case Procedure , Expected Results, Pre-conditions). | F13: Đăng ký
A14: 45924 | B14: V1 | C14: - Table TestCase Detail. | D14: A | E14: Điền thông tin TC cho Function Đăng nhập (Function, Test requirement). Liệt kê các TC của chức năng (Tên Function, Test Case Description, Test Case Procedure , Expected Results, Pre-conditions). | F14: Đăng nhập
A15: 45924 | B15: V1 | C15: - Table TestCase Detail. | D15: A | E15: Điền thông tin TC cho Function Quản lý hồ sơ (Function, Test requirement). Liệt kê các TC của chức năng (Tên Function, Test Case Description, Test Case Procedure , Expected Results, Pre-conditions). | F15: Quản lý hồ sơ
A16: 45924 | B16: V1 | C16: - Table TestCase Detail. | D16: A | E16: Điền thông tin TC cho Function Ghi log hoạt động (Function, Test requirement). Liệt kê các TC của chức năng (Tên Function, Test Case Description, Test Case Procedure , Expected Results, Pre-conditions). | F16: Ghi log hoạt động

Sheet Test Cases
D1: TEST CASE LIST
B3: Project Name | D3: =Cover!B4 -> Hệ thống giám sát an toàn công trường
B4: Project Code | D4: =Cover!B5 -> PBL6
B5: Test Environment Setup Description | D5: 1. Server Hệ điều hành: Ubuntu 22.04 LTS Web server: Apache Tomcat / Nginx Backend: Java Spring Boot 2. Database Hệ quản trị cơ sở dữ liệu: MySQL 8.0 3. Web Browser Google Chrome (phiên bản mới nhất) 4. Client Machines OS: Windows 10/11, Ubuntu Desktop 22.04 Mạng: kết nối internet ổn định 5. Additional Tools Postman (test API) Selenium, Artillery (test automation UI) JMeter (test hiệu năng)
B8: No | C8: Function Name | D8: Sheet Name | E8: Description | F8: Pre-Condition
B9: 1 | C9: Đăng ký | D9: Đăng ký | E9: Cho phép người dùng tạo một tài khoản mới bằng email và mật khẩu. | F9: Người dùng không có tài khoản. Kết nối internet ổn định.
B10: 2 | C10: Đăng nhập | D10: Đăng nhập | E10: Xác thực thông tin đăng nhập (username, mật khẩu) để truy cập hệ thống. | F10: Người dùng đã có tài khoản. tài khoản và mật khẩu phải chính xác.
B11: 3 | C11: Quản lý hồ sơ | D11: Quản lý hồ sơ | E11: Cho phép người dùng xem và chỉnh sửa thông tin cá nhân (tên, email/số điện thoại, ảnh đại diện, mật khẩu). | F11: Người dùng đã đăng nhập thành công.
B12: 4 | C12: Ghi log hoạt động | D12: Ghi log hoạt động | E12: Hệ thống tự động ghi nhận các thao tác của người dùng (đăng nhập, đăng xuất, thay đổi thông tin, thao tác trên dashboard) và lưu vào cơ sở dữ liệu. | F12: Hệ thống đang chạy. cơ sở dữ liệu kết nối ổn định.

Sheet CreateUser
A2: Function | B2: CreateUser | R2: Passed
A3: Test requirement | B3: Yêu cầu: Hệ thống cần cho phép người dùng nhập thông tin đăng ký (tên, email, mật khẩu). Thông tin phải hợp lệ, không trùng lặp, mật khẩu được mã hóa và tài khoản chỉ được kích hoạt sau khi xác thực. Hệ thống cần phản hồi rõ ràng cho cả trường hợp thành công và lỗi, đồng thời đảm bảo bảo mật dữ liệu. | R3: Failed
A4: Number of TCs | B4: =COUNTA(A12:A990) -> 3 | R4: Pending
A5: Testing Round | B5: Passed | C5: Failed | D5: Pending | E5: N/A | R5: N/A
A6: Round 1 | B6: =COUNTIF($F$10:$F$988,"Passed") -> 0 | C6: =COUNTIF($F$10:$F$988,"Failed") -> 0 | D6: =COUNTIF($F$10:$F$988,"pending") -> 0 | E6: =COUNTIF($F10:$F988,E5) -> 0
A7: Round 2 | B7: =COUNTIF($I10:$I988,B5) -> 0 | C7: =COUNTIF($I10:$I988,C5) -> 0 | D7: =COUNTIF($I10:$I988,D5) -> 0 | E7: =COUNTIF($I10:$I988,E5) -> 0
A8: Round 3 | B8: =COUNTIF($L10:$L988,B5) -> 0 | C8: =COUNTIF($L10:$L988,C5) -> 0 | D8: =COUNTIF($L10:$L988,D5) -> 0 | E8: =COUNTIF($F10:$F988,E5) -> 0
A10: Test Case ID | B10: Test Case Description | C10: Test Case Procedure | D10: Expected Results | E10: Pre-conditions | F10: Round 1 | G10: Test date | H10: Tester | I10: Round 2 | J10: Test date | K10: Tester | L10: Round 3 | M10: Test date | N10: Tester | O10: Note
A11: CreateUser
A12: TC1: Tạo thành công | B12: newuser | C12: new@email.com | D12: password123 | E12: (để trống)
A13: TC2: Trùng username | B13: existing_user | C13: other@email.com | D13: password123 | E13: USER_EXISTED
A14: TC3: Trùng email | B14: other_user | C14: existing@email.com | D14: password123 | E14: INVALID_EMAIL

Sheet UpdateUser
A2: Function | B2: UpdateUser | S2: Passed
A3: Test requirement | B3: Yêu cầu: Hệ thống cần cho phép người dùng nhập thông tin đăng ký (tên, email, mật khẩu). Thông tin phải hợp lệ, không trùng lặp, mật khẩu được mã hóa và tài khoản chỉ được kích hoạt sau khi xác thực. Hệ thống cần phản hồi rõ ràng cho cả trường hợp thành công và lỗi, đồng thời đảm bảo bảo mật dữ liệu. | S3: Failed
A4: Number of TCs | B4: =COUNTA(A12:A990) -> 3 | S4: Pending
A5: Testing Round | B5: Passed | C5: Failed | D5: Pending | F5: N/A | S5: N/A
A6: Round 1 | B6: =COUNTIF($G$10:$G$988,"Passed") -> 0 | C6: =COUNTIF($G$10:$G$988,"Failed") -> 0 | D6: =COUNTIF($G$10:$G$988,"pending") -> 0 | F6: =COUNTIF($G10:$G988,F5) -> 0
A7: Round 2 | B7: =COUNTIF($J10:$J988,B5) -> 0 | C7: =COUNTIF($J10:$J988,C5) -> 0 | D7: =COUNTIF($J10:$J988,D5) -> 0 | F7: =COUNTIF($J10:$J988,F5) -> 0
A8: Round 3 | B8: =COUNTIF($M10:$M988,B5) -> 0 | C8: =COUNTIF($M10:$M988,C5) -> 0 | D8: =COUNTIF($M10:$M988,D5) -> 0 | F8: =COUNTIF($G10:$G988,F5) -> 0
A10: Test Case ID | B10: Test Case Description | C10: Test Case Procedure | D10: Expected Results | F10: Pre-conditions | G10: Round 1 | H10: Test date | I10: Tester | J10: Round 2 | K10: Test date | L10: Tester | M10: Round 3 | N10: Test date | O10: Tester | P10: Note
A11: UpdateUser
A12: TC2.1: Cập nhật thành công | B12: uuid-123 | C12: new@email.com | D12: newPass | E12: ADMIN,USER | F12: (để trống)
A13: TC2.2: Cập nhật (không pass) | B13: uuid-123 | C13: new2@email.com | D13: (để trống) | E13: ADMIN | F13: (để trống)
A14: TC2.3: User không tồn tại | B14: uuid-999 | C14: new@email.com | D14: newPass | E14: USER | F14: USER_NOT_EXISTED

Sheet DeleteUser
A2: Function | B2: DeleteUser | S2: Passed
A3: Test requirement | B3: Yêu cầu: Hệ thống cần cho phép người dùng nhập thông tin đăng ký (tên, email, mật khẩu). Thông tin phải hợp lệ, không trùng lặp, mật khẩu được mã hóa và tài khoản chỉ được kích hoạt sau khi xác thực. Hệ thống cần phản hồi rõ ràng cho cả trường hợp thành công và lỗi, đồng thời đảm bảo bảo mật dữ liệu. | S3: Failed
A4: Number of TCs | B4: =COUNTA(A12:A990) -> 1 | S4: Pending
A5: Testing Round | B5: Passed | C5: Failed | D5: Pending | F5: N/A | S5: N/A
A6: Round 1 | B6: =COUNTIF($G$10:$G$988,"Passed") -> 0 | C6: =COUNTIF($G$10:$G$988,"Failed") -> 0 | D6: =COUNTIF($G$10:$G$988,"pending") -> 0 | F6: =COUNTIF($G10:$G988,F5) -> 0
A7: Round 2 | B7: =COUNTIF($J10:$J988,B5) -> 0 | C7: =COUNTIF($J10:$J988,C5) -> 0 | D7: =COUNTIF($J10:$J988,D5) -> 0 | F7: =COUNTIF($J10:$J988,F5) -> 0
A8: Round 3 | B8: =COUNTIF($M10:$M988,B5) -> 0 | C8: =COUNTIF($M10:$M988,C5) -> 0 | D8: =COUNTIF($M10:$M988,D5) -> 0 | F8: =COUNTIF($G10:$G988,F5) -> 0
A10: Test Case ID | B10: Test Case Description | C10: Test Case Procedure | D10: Expected Results | F10: Pre-conditions | G10: Round 1 | H10: Test date | I10: Tester | J10: Round 2 | K10: Test date | L10: Tester | M10: Round 3 | N10: Test date | O10: Tester | P10: Note
A11: DeleteUser
A12: TC3.1: Xóa thành công | B12: uuid-123 | C12: (để trống)

Sheet GetMyInfo
A2: Function | B2: GetMyInfo | S2: Passed
A3: Test requirement | B3: Yêu cầu: Hệ thống cần cho phép người dùng nhập thông tin đăng ký (tên, email, mật khẩu). Thông tin phải hợp lệ, không trùng lặp, mật khẩu được mã hóa và tài khoản chỉ được kích hoạt sau khi xác thực. Hệ thống cần phản hồi rõ ràng cho cả trường hợp thành công và lỗi, đồng thời đảm bảo bảo mật dữ liệu. | S3: Failed
A4: Number of TCs | B4: =COUNTA(A12:A990) -> 2 | S4: Pending
A5: Testing Round | B5: Passed | C5: Failed | D5: Pending | F5: N/A | S5: N/A
A6: Round 1 | B6: =COUNTIF($G$10:$G$988,"Passed") -> 0 | C6: =COUNTIF($G$10:$G$988,"Failed") -> 0 | D6: =COUNTIF($G$10:$G$988,"pending") -> 0 | F6: =COUNTIF($G10:$G988,F5) -> 0
A7: Round 2 | B7: =COUNTIF($J10:$J988,B5) -> 0 | C7: =COUNTIF($J10:$J988,C5) -> 0 | D7: =COUNTIF($J10:$J988,D5) -> 0 | F7: =COUNTIF($J10:$J988,F5) -> 0
A8: Round 3 | B8: =COUNTIF($M10:$M988,B5) -> 0 | C8: =COUNTIF($M10:$M988,C5) -> 0 | D8: =COUNTIF($M10:$M988,D5) -> 0 | F8: =COUNTIF($G10:$G988,F5) -> 0
A10: Test Case ID | B10: Test Case Description | C10: Test Case Procedure | D10: Expected Results | F10: Pre-conditions | G10: Round 1 | H10: Test date | I10: Tester | J10: Round 2 | K10: Test date | L10: Tester | M10: Round 3 | N10: Test date | O10: Tester | P10: Note
A11: GetMyInfo
A12: TC4.1: Lấy thành công | B12: testuser | C12: testuser | D12: (để trống)
A13: TC4.2: User không tồn tại | B13: unknown | C13: (để trống) | D13: USER_NOT_EXISTED

Sheet GetUser
A2: Function | B2: GetUser | S2: Passed
A3: Test requirement | B3: Yêu cầu: Hệ thống cần cho phép người dùng nhập thông tin đăng ký (tên, email, mật khẩu). Thông tin phải hợp lệ, không trùng lặp, mật khẩu được mã hóa và tài khoản chỉ được kích hoạt sau khi xác thực. Hệ thống cần phản hồi rõ ràng cho cả trường hợp thành công và lỗi, đồng thời đảm bảo bảo mật dữ liệu. | S3: Failed
A4: Number of TCs | B4: =COUNTA(A12:A990) -> 5 | S4: Pending
A5: Testing Round | B5: Passed | C5: Failed | D5: Pending | F5: N/A | S5: N/A
A6: Round 1 | B6: =COUNTIF($G$10:$G$988,"Passed") -> 0 | C6: =COUNTIF($G$10:$G$988,"Failed") -> 0 | D6: =COUNTIF($G$10:$G$988,"pending") -> 0 | F6: =COUNTIF($G10:$G988,F5) -> 0
A7: Round 2 | B7: =COUNTIF($J10:$J988,B5) -> 0 | C7: =COUNTIF($J10:$J988,C5) -> 0 | D7: =COUNTIF($J10:$J988,D5) -> 0 | F7: =COUNTIF($J10:$J988,F5) -> 0
A8: Round 3 | B8: =COUNTIF($M10:$M988,B5) -> 0 | C8: =COUNTIF($M10:$M988,C5) -> 0 | D8: =COUNTIF($M10:$M988,D5) -> 0 | F8: =COUNTIF($G10:$G988,F5) -> 0
A10: Test Case ID | B10: Test Case Description | C10: Test Case Procedure | D10: Expected Results | F10: Pre-conditions | G10: Round 1 | H10: Test date | I10: Tester | J10: Round 2 | K10: Test date | L10: Tester | M10: Round 3 | N10: Test date | O10: Tester | P10: Note
A11: GetUser
A12: TC1: Admin get any user | B12: user-123 | C12: admin | D12: ADMIN | E12: otheruser | F12: SUCCESS
A13: TC2: User get own info | B13: user-123 | C13: testuser | D13: USER | E13: testuser | F13: SUCCESS
A14: TC3: User get other user - Access Denied | B14: user-123 | C14: differentuser | D14: USER | E14: otheruser | F14: ACCESS_DENIED
A15: TC4: User not found | B15: non-existent | C15: admin | D15: ADMIN | F15: USER_NOT_EXISTED
A16: TC5: Multiple roles get own info | B16: user-123 | C16: multiuser | D16: USER,EDITOR | E16: multiuser | F16: SUCCESS

Sheet Test Statistics
B1: TEST STATISTICS
B3: Project Name | C3: =Cover!B4 -> Hệ thống giám sát an toàn công trường | E3: Creator | H3: =Cover!F4 -> 102220275_Lưu Võ Hoàng
B4: Project Code | C4: =Cover!B5 -> PBL6 | E4: Reviewer/Approver | H4: 102220292_Lê Hữu Quý 102220272_Đặng Khắc Nhân Hiếu
B5: Document Code | C5: =C4&"_"&"Test Report"&"_"&"vx.x" -> PBL6_Test Report_vx.x | E5: Issue Date | H5: =Cover!F5 -> 20/09/2025
B6: Notes | C6: Release 1 includes 4 modules: Đăng ký, Đăng nhập, Quản lý hồ sơ, Ghi log hoạt động.
B10: No | C10: Module code | D10: Passed | E10: Failed | F10: Pending | G10: N/A | H10: Number of test cases
B11: 1 | C11: =CreateUser!B2 -> CreateUser | D11: =SUM(CreateUser!B6) -> 0 | E11: =SUM(CreateUser!C6) -> 0 | F11: 0 | G11: 0 | H11: =CreateUser!B4 -> 3
B12: 2 | C12: =UpdateUser!B2 -> UpdateUser | D12: =SUM(UpdateUser!B6) -> 0 | E12: =SUM(UpdateUser!C6) -> 0 | F12: 0 | G12: 0 | H12: =UpdateUser!B4 -> 3
B13: 3 | C13: =DeleteUser!B2 -> DeleteUser | D13: =SUM(DeleteUser!B6) -> 0 | E13: =SUM(DeleteUser!C6) -> 0 | F13: 0 | G13: 0 | H13: =DeleteUser!B4 -> 1
B14: 4 | C14: =GetMyInfo!B2 -> GetMyInfo | D14: =SUM(GetMyInfo!B6) -> 0 | E14: =SUM(GetMyInfo!C6) -> 0 | F14: 0 | G14: 0 | H14: =GetMyInfo!B4 -> 2
B15: 5 | C15: =GetUser!B2 -> GetUser | D15: =SUM(GetUser!B6) -> 0 | E15: =SUM(GetUser!C6) -> 0 | F15: 0 | G15: 0 | H15: =GetUser!B4 -> 5
C16: Sub total | D16: =SUM(D11:D15) -> 0 | E16: =SUM(E11:E15) -> 0 | F16: =SUM(F11:F15) -> 0 | G16: =SUM(G11:G15) -> 0 | H16: =SUM(H11:H15) -> 14
C18: Test coverage | E18: =(D16+E16)*100/(H16-G16) -> 0 | F18: %
C19: Test successful coverage | E19: =D16*100/(H16-G16) -> 0 | F19: %

Sheet Crop Management
A2: Feature | B2: <Crop Management> | R2: Passed
A3: Test requirement | B3: <Brief description about requirements which are tested in this sheet> | R3: Failed
A4: Number of TCs | B4: =COUNTA(A12:A998) -> 6 | R4: Pending
A5: Testing Round | B5: Passed | C5: Failed | D5: Pending | E5: N/A | R5: N/A
A6: Round 1 | B6: =COUNTIF($F10:$F996,B5) -> 0 | C6: =COUNTIF($F10:$F996,C5) -> 0 | D6: =COUNTIF($F10:$F996,D5) -> 5 | E6: =COUNTIF($F10:$F996,E5) -> 0
A7: Round 2 | B7: =COUNTIF($F10:$F996,B5) -> 0 | C7: =COUNTIF($F10:$F996,C5) -> 0 | D7: =COUNTIF($F10:$F996,D5) -> 5 | E7: =COUNTIF($F10:$F996,E5) -> 0
A8: Round 3 | B8: =COUNTIF($F10:$F996,B5) -> 0 | C8: =COUNTIF($F10:$F996,C5) -> 0 | D8: =COUNTIF($F10:$F996,D5) -> 5 | E8: =COUNTIF($F10:$F996,E5) -> 0
A10: Test Case ID | B10: Test Case Description | C10: Test Case Procedure | D10: Expected Results | E10: Pre-conditions | F10: Round 1 | G10: Test date | H10: Tester | I10: Round 2 | J10: Test date | K10: Tester | L10: Round 3 | M10: Test date | N10: Tester | O10: Note
A11: Function D
A12: <ID1> | B12: <Brief description of this case: what is tested?> Ex: Test viewing "Company" form. | C12: <Describe steps to perform this case> Ex: 1. Login the system with Manager role. 2. Click "Company" tab in the left menu. | D12: <Describe results which meet customer's requirement> Ex: The "Company" view form is displayed with the folowing informations: - Company name - Company address - Phone - Fax | E12: <List all test cases or conditions that must be done before performing this case> | F12: Pending | I12: Pending | L12: Pending
A13: <ID2> | B13: <Test case 2> | F13: Pending | I13: Pending | L13: Pending
A14: <ID3> | B14: <Test case 3> | F14: Pending | I14: Pending | L14: Pending
A15: Function E
A16: <ID4> | B16: <Test case 4> | F16: Pending | I16: Pending | L16: Pending
A17: <ID5> | B17: <Test case 5> | F17: Pending | I17: Pending | L17: Pending
